"species_scenario","n_patches"
"aglais_urticae / broad / High",6995
"aglais_urticae / broad / Low",15523
"aglais_urticae / broad / Medium",15562
"aglais_urticae / narrow / High",87049
"aglais_urticae / narrow / Low",199418
"aglais_urticae / narrow / Medium",192902
"coenonympha_tullia / broad / High",1082
"coenonympha_tullia / broad / Low",6165
"coenonympha_tullia / broad / Medium",3361
"coenonympha_tullia / narrow / High",1082
"coenonympha_tullia / narrow / Low",4617
"coenonympha_tullia / narrow / Medium",3361
"gonepteryx_rhamni / broad / High",92291
"gonepteryx_rhamni / broad / Low",14682
"gonepteryx_rhamni / broad / Medium",90943
"gonepteryx_rhamni / narrow / High",93563
"gonepteryx_rhamni / narrow / Low",202284
"gonepteryx_rhamni / narrow / Medium",92643
"lycaena_virgaureae / broad / High",88175
"lycaena_virgaureae / broad / Low",111876
"lycaena_virgaureae / broad / Medium",93068
"lycaena_virgaureae / narrow / High",88175
"lycaena_virgaureae / narrow / Low",112711
"lycaena_virgaureae / narrow / Medium",93068
"maniola_jurtina / broad / High",11428
"maniola_jurtina / broad / Low",13757
"maniola_jurtina / broad / Medium",16435
"maniola_jurtina / narrow / High",93410
"maniola_jurtina / narrow / Low",204054
"maniola_jurtina / narrow / Medium",199838
"pieris_napi / broad / High",12308
"pieris_napi / broad / Low",14068
"pieris_napi / broad / Medium",10307
"pieris_napi / narrow / High",93275
"pieris_napi / narrow / Low",195270
"pieris_napi / narrow / Medium",181694
"thymelicus_lineola / broad / High",93337
"thymelicus_lineola / broad / Low",13578
"thymelicus_lineola / broad / Medium",91069
"thymelicus_lineola / narrow / High",93337
"thymelicus_lineola / narrow / Low",203803
"thymelicus_lineola / narrow / Medium",93625
