species,mapping,quality,n_patches
Aglais urticae,broad,High,6995
Coenonympha tullia,broad,High,1082
Gonepteryx rhamni,broad,High,92291
Lycaena virgaureae,broad,High,88175
Maniola jurtina,broad,High,11428
Pieris napi,broad,High,12308
Thymelicus lineola,broad,High,93337
Aglais urticae,broad,Medium,15562
Coenonympha tullia,broad,Medium,3361
Gonepteryx rhamni,broad,Medium,90943
Lycaena virgaureae,broad,Medium,93068
Maniola jurtina,broad,Medium,16435
Pieris napi,broad,Medium,10307
Thymelicus lineola,broad,Medium,91069
Aglais urticae,broad,Low,15523
Coenonympha tullia,broad,Low,6165
Gonepteryx rhamni,broad,Low,14682
Lycaena virgaureae,broad,Low,111876
Maniola jurtina,broad,Low,13757
Pieris napi,broad,Low,14068
Thymelicus lineola,broad,Low,13578
Aglais urticae,narrow,High,87049
Coenonympha tullia,narrow,High,1082
Gonepteryx rhamni,narrow,High,93563
Lycaena virgaureae,narrow,High,88175
Maniola jurtina,narrow,High,93410
Pieris napi,narrow,High,93275
Thymelicus lineola,narrow,High,93337
Aglais urticae,narrow,Medium,192902
Coenonympha tullia,narrow,Medium,3361
Gonepteryx rhamni,narrow,Medium,92643
Lycaena virgaureae,narrow,Medium,93068
Maniola jurtina,narrow,Medium,199838
Pieris napi,narrow,Medium,181694
Thymelicus lineola,narrow,Medium,93625
Aglais urticae,narrow,Low,199418
Coenonympha tullia,narrow,Low,4617
Gonepteryx rhamni,narrow,Low,202284
Lycaena virgaureae,narrow,Low,112711
Maniola jurtina,narrow,Low,204054
Pieris napi,narrow,Low,195270
Thymelicus lineola,narrow,Low,203803
