final_id,species,scenario,area_km2,compactness,centroid_to_surface_km
SP10m_004098,Maniola jurtina,broad_Low,18525.553865100363,3.5623993746713787e-6,94.23291534730521
SP10m_000890,Thymelicus lineola,broad_Low,18492.407236231113,3.5631461458031586e-6,94.09833849526653
SP10m_004385,Gonepteryx rhamni,broad_Low,18446.683107414043,3.5726780603386617e-6,94.17523214376463
SP10m_000861,Aglais urticae,broad_Low,18432.260704875433,3.5875682616638215e-6,93.99871467900124
SP10m_000888,Maniola jurtina,broad_Medium,18409.904747850436,3.5868666787069476e-6,94.01101637104793
SP10m_000861,Pieris napi,broad_Low,18399.34335468292,3.552384571839857e-6,94.03780069958077
SP10m_000680,Pieris napi,broad_Medium,18362.600813452987,3.629068793551104e-6,94.073902270542
SP10m_000802,Aglais urticae,broad_Medium,18331.565156010398,3.6234784091297223e-6,94.16262824346988
SP10m_001382,Maniola jurtina,broad_High,18273.043561275284,3.6472586220444343e-6,94.07860389960202
