variable,quantile,value
area_km2,0%,9.970389043539762e-5
area_km2,50%,0.00530344384632376
area_km2,75%,0.013310641236249067
area_km2,90%,0.04232502848794125
area_km2,95%,0.1015812431805432
area_km2,99%,0.6974487284250327
area_km2,100%,18525.553865100363
compactness,0%,3.552384571839857e-6
compactness,50%,0.30437575882419504
compactness,75%,0.44614333542207446
compactness,90%,0.6304926432806928
compactness,95%,0.7853981633974483
compactness,99%,0.7853981633974483
compactness,100%,0.7853981634001913
centroid_to_surface_km,0%,0
centroid_to_surface_km,50%,0.012257411661201839
centroid_to_surface_km,75%,0.029028564025828738
centroid_to_surface_km,90%,0.07591415667522088
centroid_to_surface_km,95%,0.14069569982985675
centroid_to_surface_km,99%,0.4320065818783761
centroid_to_surface_km,100%,94.23291534730521
area_relative_error,0%,1.0797268022679112e-9
area_relative_error,50%,7.359039146208144e-4
area_relative_error,75%,7.87806906819597e-4
area_relative_error,90%,7.988430591649376e-4
area_relative_error,95%,8.002261611399756e-4
area_relative_error,99%,0.002611765464146932
area_relative_error,100%,0.0029762880659351745
