term,estimate,std.error,conf.low,conf.high,model,cutoff_km
range,277.7329229177518,85.57143786435459,151.83303443721857,508.02894612721883,SPDE,10
phi,0.9098443635607765,3.517916141934292e-4,0.9091551258591788,0.9105341237789347,SPDE,10
sigma_O,8.656640486464969,2.6029303588879715,4.801810512752988,15.606076981355331,SPDE,10
sigma_G,0.4844878157906441,0.1398643406342105,0.2751400330384838,0.8531235569662002,SPDE,10
range,169.74587717761094,41.39141677008863,105.25417503714188,273.7531580921029,SPDE,20
phi,0.9365635691732672,3.621072130939654e-4,0.9358541209168733,0.9372735552451361,SPDE,20
sigma_O,15.826283574371699,3.3620759541661798,10.436452473411784,23.99965432837791,SPDE,20
sigma_G,0.46582763233114927,0.13448382225281447,0.2645358191147548,0.8202873386651374,SPDE,20
range,0.2663797287903894,3.0234623370954847,5.810268025357474e-11,1221254503.2477312,SPDE,40
phi,0.9479312172121168,3.664852837701492e-4,0.9472131913326408,0.9486497873842276,SPDE,40
sigma_O,1840.6030480427582,20889.678892125845,4.0212558907345004e-7,8424779900901.763,SPDE,40
sigma_G,0.45146897467533137,0.13010540131653106,0.2566413483691518,0.7941987383935305,SPDE,40
