term,estimate,std.error,conf.low,conf.high,model,cutoff_km,support
(Intercept),-3.11349367096801,8.259955701905941,-19.302709360599913,13.075722018663894,SPDE,20,point_on_surface
log_area_z,0.029812180354942205,5.233807880914164e-4,0.02878637286008284,0.03083798784980157,SPDE,20,point_on_surface
mappingnarrow,-0.09152349146774216,0.0013320445628301112,-0.09413425083669158,-0.08891273209879275,SPDE,20,point_on_surface
qualityMedium,0.24776493298315933,0.0013456597443635414,0.2451274883487614,0.25040237761755724,SPDE,20,point_on_surface
qualityLow,0.5109796541058687,0.001342896105951484,0.5083476261032247,0.5136116821085126,SPDE,20,point_on_surface
(Intercept),-6.575180883813578,25.723541786057417,-56.992396339297244,43.842034571670084,SPDE,20,centroid
log_area_z,0.029456984854045534,5.232011289114301e-4,0.028431529484708434,0.030482440223382635,SPDE,20,centroid
mappingnarrow,-0.09193264723708768,0.0013320730450700705,-0.09454346243020162,-0.08932183204397373,SPDE,20,centroid
qualityMedium,0.24753126935246345,0.001345764834040554,0.24489361874608342,0.25016891995884344,SPDE,20,centroid
qualityLow,0.5106954025600705,0.0013429072958232803,0.5080633526256808,0.5133274524944602,SPDE,20,centroid
